,SBD,Toán,Lí,Hóa,Sinh,Văn,Ngoại ngữ,Sử,Địa,GDCD
0,50005001,8.4,8.25,7.25,5.25,7.0,8.4,,,
1,50005002,8.6,7.0,6.0,5.5,7.0,8.2,,,
2,50005003,7.0,,,,6.5,,6.5,5.75,
3,50005004,7.8,6.75,7.0,6.0,7.75,9.2,,,
4,50005005,8.0,,,,8.75,6.2,6.25,7.75,8.75
5,50005006,8.4,6.75,8.0,6.0,7.75,5.4,,,
6,50005007,7.0,7.25,7.5,4.25,8.0,5.2,,,
7,50005008,7.2,7.0,7.0,4.75,5.75,8.4,,,
8,50005009,6.6,,,,5.75,,8.25,7.0,
9,50005010,8.2,7.25,8.75,8.5,7.5,8.4,,,
10,50005011,8.6,7.75,7.5,5.25,6.75,4.0,,,
11,50005012,5.8,,,,6.5,4.6,5.75,6.25,7.0
12,50005013,5.4,,,,6.25,,6.5,6.5,
13,50005014,4.4,,,,7.25,,6.75,7.5,
14,50005015,5.6,,,,6.25,,7.5,6.0,
15,50005016,5.8,,,,6.75,7.6,6.75,7.75,8.75
16,50005017,7.2,,,,7.75,,5.75,6.5,
17,50005018,7.2,6.75,5.5,6.75,8.0,7.8,,,
18,50005019,4.0,,,,4.0,,6.5,6.5,
19,50005020,8.4,7.75,7.75,4.25,6.0,4.6,,,
20,50005021,7.8,,,,7.75,5.4,5.75,7.25,8.75
21,50005022,9.0,6.0,9.25,9.0,7.0,6.2,,,
22,50005023,4.6,,,,4.0,,3.75,5.75,
23,50005024,4.8,,,,3.75,,4.5,6.25,
24,50005025,7.8,6.75,7.0,8.0,8.75,6.4,,,
25,50005026,5.6,,,,5.25,,4.5,7.0,
26,50005027,7.6,,,,7.5,7.2,5.5,6.75,8.5
27,50005028,8.2,6.75,7.75,4.25,7.5,4.8,,,
28,50005029,6.6,,,,6.75,7.0,5.0,6.75,8.25
29,50005030,5.8,,,,6.17,,4.75,7.25,
30,50005031,7.8,6.25,7.25,6.75,8.75,4.0,,,
31,50005032,8.2,,,,7.5,5.8,6.25,6.25,8.5
32,50005033,7.4,,,,7.5,4.8,8.5,7.0,8.5
33,50005034,7.4,6.5,6.0,4.5,7.0,4.4,,,
34,50005035,7.0,,,,7.0,3.8,7.5,6.25,8.0
35,50005036,8.0,,,,6.25,7.6,6.5,7.0,7.75
36,50005037,6.6,,,,7.0,5.6,6.75,7.0,8.75
37,50005038,8.2,6.75,6.25,4.75,8.0,5.6,,,
38,50005039,6.2,,,,6.0,4.2,6.5,7.75,8.5
39,50005040,7.8,,,,6.25,6.2,7.5,7.25,8.75
40,50005041,7.4,,,,6.75,4.8,7.75,7.75,9.25
41,50005042,8.6,8.0,5.75,6.5,8.25,9.2,,,
42,50005043,8.4,,,,8.25,7.6,9.25,8.5,9.5
43,50005044,7.4,,,,6.5,7.8,7.0,6.5,8.5
44,50005045,6.2,,,,6.0,,5.0,6.75,
45,50005046,7.4,,,,8.0,6.2,7.75,7.25,9.5
46,50005047,9.2,,,,8.0,5.0,5.75,5.5,7.75
47,50005048,7.4,,,,7.25,6.4,6.75,7.25,8.5
48,50005049,6.6,,,,7.25,5.8,5.5,6.5,8.0
49,50005050,5.2,,,,7.5,4.6,4.75,6.75,7.25
50,50005051,5.8,,,,6.75,3.6,7.25,7.25,8.75
51,50005052,5.0,,,,6.0,,4.0,5.75,
52,50005053,5.6,,,,5.75,4.6,3.75,5.25,6.5
53,50005054,7.2,,,,7.75,7.4,8.5,7.0,9.5
54,50005055,6.8,,,,7.0,7.4,7.0,7.5,9.5
55,50005056,7.8,7.25,6.5,6.0,4.5,4.2,,,
56,50005057,6.6,,,,5.25,5.8,6.5,6.25,9.5
57,50005058,5.4,5.0,6.0,2.75,5.25,4.4,,,
58,50005059,7.4,,,,6.25,6.8,6.75,8.5,8.5
59,50005060,6.8,,,,5.5,,6.25,6.0,
60,50005061,7.2,,,,5.25,5.4,7.75,7.5,8.25
61,50005062,6.0,,,,5.25,3.8,6.5,5.5,8.75
62,50005063,8.4,,,,4.0,,5.25,6.25,
63,50005064,6.6,,,,6.5,4.6,6.5,6.75,8.5
64,50005065,6.2,,,,7.5,6.0,6.75,7.25,9.0
65,50005066,6.6,,,,6.25,4.2,5.0,5.5,7.0
66,50005067,5.4,,,,7.0,5.8,5.75,7.0,8.75
67,50005068,6.2,,,,6.25,4.4,5.25,6.75,8.5
68,50005069,6.4,6.0,4.5,4.5,7.0,5.4,,,
69,50005070,5.6,4.5,4.0,3.5,7.0,7.0,,,
70,50005071,7.0,7.0,6.75,4.75,5.75,5.0,,,
71,50005072,5.8,,,,4.5,,6.75,7.25,
72,50005073,6.8,5.25,6.5,5.75,7.5,6.2,,,
73,50005074,7.8,6.75,6.75,8.0,8.0,6.6,,,
74,50005075,6.2,,,,5.0,,3.75,5.5,
75,50005076,7.0,,,,7.5,4.6,7.0,5.75,8.75
76,50005077,6.0,,,,7.5,5.6,7.25,6.0,9.0
77,50005078,8.4,5.5,5.5,3.75,6.25,5.2,,,
78,50005080,3.4,5.75,4.0,3.5,5.5,4.8,,,
79,50005081,7.8,5.75,5.5,3.5,7.0,4.2,,,
80,50005082,7.8,8.5,8.25,5.5,6.25,5.8,,,
81,50005083,5.2,,,,6.25,4.0,6.5,6.25,7.25
82,50005084,4.6,,,,5.0,,7.75,6.0,
83,50005085,5.8,,,,7.75,5.4,7.25,7.75,8.0
84,50005086,8.2,7.25,7.0,4.75,7.5,7.4,,,
85,50005087,5.6,,,,5.25,,5.25,6.5,
86,50005088,6.8,,,,6.67,4.8,8.5,6.5,9.5
87,50005089,8.2,,,,7.0,5.4,6.5,8.0,8.25
88,50005090,8.4,7.75,6.25,4.25,7.0,6.6,,,
89,50005091,7.2,,,,8.0,,8.25,8.75,
90,50005092,7.6,,,,6.5,4.2,7.75,7.25,8.25
91,50005093,2.6,,,,4.25,,5.25,6.75,
92,50005094,7.2,,,,6.0,5.6,7.25,6.75,8.25
93,50005095,0.8,,,,5.0,,4.25,6.5,
94,50005096,7.6,,,,7.25,5.2,6.5,6.0,8.25
95,50005097,3.0,,,,5.0,,7.75,5.5,
96,50005098,8.8,6.75,5.0,5.5,8.0,7.0,,,
97,50005099,6.8,7.5,8.5,5.25,7.5,5.4,,,
98,50005100,5.6,,,,6.5,,5.75,6.0,
99,50005101,7.0,,,,6.75,5.0,6.0,6.25,7.25
100,50005102,7.8,,,,8.25,6.0,7.5,8.0,9.75
101,50005103,7.6,4.75,8.5,5.5,6.0,4.8,,,
102,50005104,8.2,,,,7.25,,8.25,8.0,
103,50005105,8.0,7.25,7.0,5.0,7.0,8.6,,,
104,50005106,5.4,,,,7.0,3.0,8.25,7.25,8.5
105,50005107,6.6,,,,6.25,4.0,8.25,7.75,8.75
106,50005108,8.4,8.0,6.25,4.5,7.75,5.4,,,
107,50005109,8.2,8.75,8.25,5.75,7.5,7.4,,,
108,50005110,5.8,6.0,6.5,5.5,8.0,5.0,,,
109,50005111,7.6,,,,6.5,7.8,6.5,7.0,8.5
110,50005112,6.6,5.75,7.0,3.0,7.25,7.2,,,
111,50005113,8.4,7.5,7.75,5.75,8.5,9.0,,,
112,50005114,6.4,,,,8.0,3.4,8.0,8.0,8.5
113,50005115,4.8,,,,6.25,4.0,6.0,5.75,8.25
114,50005116,7.6,,,,7.5,4.8,8.0,8.0,9.0
115,50005117,6.0,,,,6.75,,4.75,5.75,
116,50005118,7.6,7.0,7.25,6.5,4.5,5.6,,,
117,50005119,6.6,6.25,5.75,4.5,6.5,7.6,,,
118,50005120,7.8,6.5,7.25,4.25,6.75,4.4,,,
119,50005121,5.6,,,,4.5,,5.75,5.25,
120,50005122,7.8,6.25,7.5,7.75,7.33,6.0,,,
121,50005123,8.4,7.0,8.5,7.0,6.5,6.0,,,
122,50005124,7.6,,,,8.0,8.8,9.0,8.75,9.75
123,50005125,5.8,,,,6.0,4.6,6.5,6.75,8.75
124,50005126,7.4,,,,6.75,8.4,7.5,7.5,9.5
125,50005127,7.0,2.75,5.5,7.0,6.0,5.0,,,
126,50005128,6.6,,,,6.25,4.8,5.75,6.25,8.75
127,50005129,7.4,6.0,6.25,6.0,7.25,6.4,,,
128,50005130,7.8,6.25,5.75,4.25,6.25,5.0,,,
129,50005131,7.6,6.75,7.25,4.25,5.91,5.0,,,
130,50005132,6.8,4.75,6.5,4.25,6.0,5.6,,,
131,50005133,5.4,,,,6.0,3.8,3.75,4.5,8.0
132,50005134,5.0,,,,4.0,,7.25,5.25,
133,50005135,8.0,6.75,7.0,5.5,6.75,6.2,,,
134,50005136,7.4,,,,4.75,,8.75,8.25,
135,50005137,5.6,,,,3.5,,3.25,6.25,
136,50005138,7.0,5.75,8.0,5.0,7.0,5.6,,,
137,50005139,7.4,6.0,7.5,5.0,7.25,4.4,,,
138,50005140,7.4,,,,7.0,4.8,5.75,7.5,8.5
139,50005141,6.2,,,,5.0,,5.0,6.25,
140,50005142,7.6,,,,7.75,7.8,8.25,8.25,9.5
141,50005143,8.8,7.0,6.0,5.75,7.5,9.6,,,
142,50005144,6.2,,,,5.08,,3.0,3.75,
143,50005145,6.2,,,,6.75,4.8,5.75,6.75,9.25
144,50005146,5.8,,,,7.0,3.6,5.75,7.0,8.25
145,50005147,5.2,,,,5.5,,7.25,5.5,
146,50005148,7.8,,,,7.5,5.4,8.75,7.25,8.75
147,50005149,6.8,,,,8.0,5.8,5.25,6.75,8.25
148,50005150,6.8,,,,6.0,,7.0,7.25,
149,50005151,7.4,6.75,6.75,7.25,7.5,6.6,,,
150,50005152,7.8,,,,7.5,7.6,7.25,8.75,9.5
151,50005153,6.6,,,,7.5,5.0,6.0,7.75,9.25
152,50005154,7.0,,,,7.5,7.2,5.5,4.5,8.0
153,50005155,5.8,,,,6.0,3.2,4.5,5.25,7.0
154,50005156,6.0,,,,6.0,,5.5,5.5,
155,50005157,8.2,,,,5.5,5.0,7.0,7.75,9.5
156,50005158,8.0,6.5,6.5,6.0,6.5,6.4,,,
157,50005159,2.8,,,,5.25,,4.25,4.75,
158,50005160,7.0,6.0,5.0,3.5,6.17,4.4,,,
159,50005161,8.4,6.75,5.75,6.5,6.75,5.8,,,
160,50005162,8.2,6.5,7.0,5.0,7.0,7.6,,,
161,50005163,6.0,,,,4.25,3.2,5.25,6.25,7.25
162,50005164,7.0,,,,6.5,3.6,6.75,7.0,8.25
163,50005165,5.2,4.5,3.75,3.25,6.0,4.2,,,
164,50005166,4.2,5.0,4.75,1.75,6.0,5.2,,,
165,50005167,7.0,4.25,5.75,3.5,8.25,5.6,,,
166,50005168,4.8,,,,6.5,4.2,3.75,6.0,6.75
167,50005169,6.8,,,,4.5,,5.0,7.0,
168,50005170,6.0,,,,7.5,4.2,5.75,6.25,8.0
169,50005171,3.4,,,,4.25,,5.25,4.5,
170,50005172,5.8,,,,5.75,,4.75,5.0,
171,50005173,7.0,6.5,6.5,4.25,6.75,5.4,,,
172,50005174,5.6,5.0,4.75,5.25,5.0,2.4,,,
173,50005175,5.6,2.5,4.0,3.0,7.75,3.0,,,
174,50005176,5.4,3.5,3.25,3.25,5.75,3.0,,,
175,50005177,5.2,6.5,5.0,4.25,7.0,4.8,,,
176,50005178,3.8,,,,4.5,,1.75,4.75,
177,50005179,4.8,,,,6.25,5.0,5.0,7.75,8.5
178,50005180,4.2,4.25,4.75,2.75,6.75,5.8,,,
179,50005181,6.4,4.5,4.75,3.25,6.25,5.8,,,
180,50005182,6.2,6.25,5.0,3.0,5.25,2.8,,,
181,50005183,6.4,,,,6.5,6.0,6.75,6.75,8.5
182,50005184,6.8,6.25,6.0,5.25,6.75,7.8,,,
183,50005185,5.8,,,,7.0,,4.75,6.75,
184,50005186,6.4,5.0,3.0,3.5,5.0,4.0,,,
185,50005187,4.8,,,,6.25,3.8,4.5,5.5,6.25
186,50005188,7.2,5.75,6.25,3.0,7.75,3.8,,,
187,50005189,6.4,7.25,7.25,6.0,6.5,6.0,,,
188,50005190,4.6,6.5,6.75,1.75,9.0,4.2,,,
189,50005191,7.8,7.5,6.25,3.75,8.0,6.4,,,
190,50005192,6.6,6.75,8.0,3.0,7.75,4.6,,,
191,50005193,6.6,7.0,6.0,5.0,6.25,4.6,,,
192,50005194,6.8,4.5,6.75,3.0,5.0,5.2,,,
193,50005195,4.0,4.25,3.25,4.0,5.75,2.6,,,
194,50005196,5.6,,,,5.75,,8.0,8.0,
195,50005197,7.4,,,,8.25,5.0,8.0,7.0,9.25
196,50005198,5.4,5.5,4.5,3.75,5.5,4.6,,,
197,50005199,8.0,,,,6.25,,7.5,6.75,
198,50005200,7.2,4.5,4.75,4.5,5.75,5.0,,,
199,50005201,5.4,,,,5.5,4.4,6.75,6.75,8.75
200,50005202,5.8,,,,6.75,5.0,3.75,5.75,8.0
201,50005203,5.6,,,,7.25,4.8,6.5,7.5,9.0
202,50005204,6.4,6.25,6.5,2.25,5.75,3.8,,,
203,50005205,4.4,,,,6.0,3.0,6.25,8.25,8.5
204,50005206,3.8,4.75,4.75,2.75,5.0,3.2,,,
205,50005207,7.6,5.25,6.0,4.0,7.5,7.6,,,
206,50005208,7.0,6.0,5.75,5.5,7.25,5.0,,,
207,50005209,6.6,6.5,7.5,4.25,7.25,5.0,,,
208,50005210,6.6,4.75,6.5,4.25,7.5,5.2,,,
209,50005211,6.4,6.75,8.25,5.25,7.0,5.4,,,
210,50005212,5.4,,,,7.0,,7.0,6.5,
211,50005213,3.8,5.25,4.25,2.5,6.5,1.8,,,
212,50005214,5.2,5.5,7.5,3.75,6.5,3.8,,,
213,50005215,6.0,,,,7.5,4.4,5.75,7.5,9.25
214,50005216,4.0,,,,6.75,5.2,7.5,6.75,7.75
215,50005217,1.4,,,,5.5,,4.5,3.5,
216,50005218,5.8,,,,7.25,3.2,6.75,7.25,8.75
217,50005219,6.6,4.75,5.5,3.75,7.0,3.4,,,
218,50005220,4.4,,,,4.75,,4.0,4.75,
219,50005221,7.4,7.0,6.0,4.0,7.25,5.0,,,
220,50005222,7.6,,,,8.75,6.2,7.75,8.0,9.5
221,50005223,6.0,,,,6.08,3.6,4.25,6.0,7.0
222,50005224,2.4,,,,4.25,,4.75,6.5,
223,50005225,5.6,5.25,6.5,6.25,6.25,3.4,,,
224,50005226,6.4,,,,6.25,5.6,6.5,6.75,8.5
225,50005227,6.8,6.75,7.5,5.25,5.5,2.6,,,
226,50005228,5.4,,,,4.75,3.4,6.5,8.0,8.25
227,50005229,3.2,,,,4.5,,5.75,5.0,
228,50005230,6.4,4.5,2.75,3.75,6.5,3.6,,,
229,50005231,6.0,5.25,3.75,3.0,4.5,4.2,,,
230,50005232,5.2,,,,5.75,6.0,5.5,8.0,7.25
231,50005233,3.4,,,,4.25,,4.5,4.75,
232,50005234,6.8,,,,7.0,4.6,7.5,8.0,8.75
233,50005235,4.2,2.0,5.5,4.5,5.25,3.0,,,
234,50005236,3.4,,,,2.5,,3.5,4.25,
235,50005237,4.6,,,,6.0,4.2,8.75,7.25,8.25
236,50005238,4.8,4.25,5.0,3.75,6.75,7.8,,,
237,50005239,6.0,,,,4.75,,7.75,8.0,
238,50005240,4.6,,,,4.25,3.8,6.0,7.75,8.25
239,50005241,4.6,,,,5.0,,5.5,6.25,
240,50005242,5.4,3.5,4.0,3.5,5.25,4.6,,,
241,50005243,7.0,,,,6.25,4.0,6.25,7.25,8.5
242,50005244,6.0,5.25,5.0,4.5,6.5,4.0,,,
243,50005245,4.2,,,,7.25,4.4,8.5,7.0,8.75
244,50005246,7.6,6.25,7.0,5.25,6.0,3.4,,,
245,50005247,7.2,,,,6.75,,7.0,6.5,
246,50005248,6.4,,,,6.0,4.6,7.25,6.5,8.5
247,50005249,5.2,5.0,6.0,3.0,5.0,2.2,,,
248,50005250,6.4,5.75,4.0,5.5,5.75,3.0,,,
249,50005251,6.6,6.5,7.25,4.75,7.5,5.6,,,
250,50005252,2.8,,,,2.75,,7.0,6.75,
251,50005253,4.2,4.25,4.0,4.25,6.25,5.2,,,
252,50005254,7.2,7.5,5.75,5.0,7.42,7.2,,,
253,50005255,7.0,,,,6.5,6.2,7.75,7.0,9.5
254,50005256,7.2,,,,7.75,7.6,8.25,8.5,9.5
255,50005257,6.8,,,,7.5,6.2,6.25,7.75,7.75
256,50005258,7.4,5.25,6.5,4.0,5.0,7.0,,,
257,50005259,5.4,5.0,5.75,4.75,6.75,4.0,,,
258,50005260,5.2,,,,6.0,2.8,3.25,6.75,6.25
259,50005261,5.2,,,,5.0,3.0,6.25,7.0,9.0
260,50005262,8.0,6.0,7.25,5.75,7.25,5.2,,,
261,50005263,3.4,,,,3.58,,3.0,5.75,
262,50005264,6.8,6.25,4.25,4.5,6.5,4.6,,,
263,50005265,4.2,,,,4.0,,7.25,6.5,
264,50005266,8.0,3.75,6.0,6.0,5.0,3.2,,,
265,50005267,6.0,5.75,5.5,2.5,6.25,4.4,,,
266,50005268,6.8,,,,7.75,5.8,7.0,6.0,8.75
267,50005269,6.0,,,,4.0,3.0,5.0,7.25,8.75
268,50005270,2.8,,,,3.5,,1.75,4.75,
269,50005271,5.8,,,,5.75,,3.25,5.5,
270,50005272,8.4,7.0,8.25,5.75,8.25,7.0,,,
271,50005273,6.4,5.5,5.75,4.0,7.0,5.4,,,
272,50005274,7.0,6.25,7.25,3.75,7.25,6.4,,,
273,50005275,5.8,,,,5.08,,6.25,6.5,
274,50005276,7.0,4.5,5.75,3.5,6.5,4.2,,,
275,50005277,4.8,,,,6.0,4.2,6.0,6.75,7.5
276,50005278,5.0,4.0,3.25,4.75,6.0,3.6,,,
277,50005279,7.6,,,,6.0,4.4,7.25,7.0,8.5
278,50005280,7.4,,,,6.5,4.8,7.0,7.0,9.25
279,50005281,5.0,,,,4.5,3.0,6.75,5.25,7.75
280,50005282,5.4,,,,8.0,4.8,6.25,7.5,9.0
281,50005283,4.4,4.5,6.25,5.0,5.25,3.6,,,
282,50005284,5.8,3.75,5.0,3.75,7.5,5.2,,,
283,50005285,5.6,4.0,6.0,3.25,7.0,2.0,,,
284,50005286,6.4,4.75,5.0,3.5,6.0,5.0,,,
285,50005287,3.4,,,,3.75,,3.0,5.75,
286,50005288,5.2,,,,5.0,,5.25,6.75,
287,50005289,6.0,5.0,7.0,3.75,7.0,5.4,,,
288,50005290,5.6,,,,7.0,2.8,7.0,7.25,7.75
289,50005291,7.0,4.5,4.25,3.25,6.25,3.8,,,
290,50005292,7.6,6.75,6.0,5.0,7.75,7.2,,,
291,50005293,6.0,5.5,4.25,3.25,6.5,3.8,,,
292,50005294,7.4,7.0,6.75,4.75,6.5,6.2,,,
293,50005295,6.4,,,,5.5,,6.0,6.75,
294,50005296,2.0,,,,4.0,,6.25,4.0,
295,50005297,5.8,6.0,4.0,3.0,5.5,4.0,,,
296,50005298,3.8,,,,5.0,3.8,5.5,6.5,7.25
297,50005299,6.2,,,,6.5,2.6,6.5,6.25,8.0
298,50005300,6.8,7.5,7.75,5.75,7.0,4.4,,,
299,50005301,6.4,4.5,4.25,3.25,5.25,3.4,,,
300,50005302,6.4,,,,5.75,2.8,7.75,8.25,9.25
301,50005303,7.2,6.5,5.25,3.0,6.25,5.4,,,
302,50005304,6.8,5.75,6.5,4.5,5.75,5.4,,,
303,50005305,5.0,,,,7.0,3.2,5.75,5.25,7.75
304,50005306,6.8,5.25,6.25,2.5,5.75,6.4,,,
305,50005307,5.8,5.25,7.0,3.5,6.0,4.4,,,
306,50005308,3.4,,,,5.25,2.8,5.75,6.75,8.0
307,50005309,5.8,,,,6.25,2.0,6.0,6.75,8.5
308,50005310,4.4,,,,8.25,5.0,6.25,6.0,9.75
309,50005311,6.4,4.75,6.0,2.5,7.75,5.2,,,
310,50005312,4.8,4.5,4.0,4.0,6.25,3.2,,,
311,50005313,4.6,,,,7.0,3.2,7.75,5.75,9.25
312,50005314,2.4,,,,6.0,4.6,5.5,6.5,8.0
313,50005315,7.0,7.25,5.0,4.25,7.25,5.2,,,
314,50005316,3.6,,,,4.0,,5.0,5.0,
315,50005317,5.4,,,,7.0,4.8,7.25,8.0,9.75
316,50005318,5.4,,,,5.0,3.4,3.25,6.25,7.5
317,50005319,5.8,5.5,5.5,5.25,6.5,4.0,,,
318,50005320,6.6,6.5,5.5,4.5,6.0,3.0,,,
319,50005321,7.2,,,,5.75,3.4,6.25,5.5,9.0
320,50005322,5.6,,,,3.75,,5.5,6.5,
321,50005323,6.2,6.5,6.25,3.5,7.5,6.2,,,
322,50005324,5.8,6.25,5.25,3.75,5.0,4.0,,,
323,50005325,6.8,5.0,6.25,4.0,6.5,6.6,,,
324,50005326,5.6,,,,5.75,3.8,8.0,8.0,8.5
325,50005327,7.0,5.0,4.25,3.25,6.0,4.6,,,
326,50005328,5.0,,,,6.0,4.4,5.25,7.25,8.5
327,50005329,7.4,4.5,5.5,4.5,7.5,5.0,,,
328,50005330,8.0,5.75,8.5,6.0,6.5,5.6,,,
329,50005331,4.8,,,,4.75,4.8,5.75,6.75,8.0
330,50005332,5.0,3.75,4.75,4.5,5.0,,,,
331,50005333,6.0,7.75,7.75,5.25,6.67,4.0,,,
332,50005334,6.2,,,,6.25,4.8,5.5,5.75,6.5
333,50005335,4.4,,,,6.25,2.8,4.5,6.0,7.0
334,50005336,4.8,4.5,6.0,5.0,8.5,5.0,,,
335,50005337,6.4,,,,6.5,5.4,7.0,6.75,9.0
336,50005338,7.0,,,,5.75,4.6,6.5,7.5,8.5
337,50005339,5.2,4.75,4.25,3.0,6.0,4.6,,,
338,50005340,7.0,6.75,7.0,4.25,6.5,5.0,,,
339,50005341,7.0,,,,7.0,6.2,8.5,6.75,9.0
340,50005342,4.2,,,,7.5,3.6,7.5,6.75,7.75
341,50005343,7.6,6.25,7.0,5.5,8.0,7.2,,,
342,50005344,7.8,6.25,7.5,4.5,7.25,6.8,,,
343,50005345,7.0,5.75,6.75,4.25,7.0,4.8,,,
344,50005346,5.0,5.75,5.0,2.75,8.0,6.6,,,
345,50005347,5.6,,,,7.0,4.4,5.0,5.0,8.75
346,50005348,6.0,,,,6.75,3.6,6.5,7.0,9.0
347,50005349,7.2,,,,7.25,7.0,6.0,7.25,8.0
348,50005350,6.6,5.5,5.25,4.25,7.0,5.2,,,
349,50005351,7.0,,,,7.5,6.4,8.25,7.0,8.75
350,50005352,6.4,5.0,7.25,2.75,6.5,4.0,,,
351,50005353,6.2,,,,6.25,6.6,6.25,6.5,9.0
352,50005354,5.4,,,,5.0,,5.25,6.25,
353,50005355,5.2,,,,5.0,3.8,6.75,6.0,8.75
354,50005356,6.4,6.75,7.5,5.25,5.75,6.4,,,
355,50005357,3.8,,,,6.5,,6.75,6.5,
356,50005358,6.2,,,,3.75,,6.25,5.5,
357,50005359,8.0,6.75,5.25,4.0,6.58,4.6,,,
358,50005360,8.0,6.0,6.0,5.0,6.75,7.4,,,
359,50005361,4.6,5.5,6.0,3.75,5.0,4.8,,,
360,50005362,4.6,,,,8.5,3.8,6.25,7.75,8.25
361,50005363,6.6,,,,6.75,,4.5,5.0,
362,50005364,6.2,5.25,4.0,2.75,6.25,3.0,,,
363,50005365,6.0,,,,6.5,4.8,7.5,7.5,7.5
364,50005366,4.0,,,,5.25,3.6,5.25,5.75,8.0
365,50005367,3.8,,,,5.25,2.8,5.0,5.75,8.25
366,50005368,4.0,,,,5.75,4.8,6.5,7.5,8.0
367,50005369,7.0,4.75,5.75,2.25,5.0,3.4,,,
368,50005370,5.6,5.5,6.25,4.0,6.0,6.0,,,
369,50005371,6.4,6.5,6.5,4.25,6.75,4.4,,,
370,50005372,5.6,3.75,4.25,3.25,6.25,4.8,,,
371,50005373,7.2,6.5,6.75,4.0,7.0,6.0,,,
372,50005374,2.0,,,,5.0,3.8,4.5,6.25,7.25
373,50005375,5.6,5.5,5.25,4.75,7.5,3.6,,,
374,50005376,7.2,5.75,5.75,3.5,5.5,4.0,,,
375,50005377,5.8,,,,6.0,,8.25,7.0,
376,50005378,5.0,,,,6.0,4.2,4.75,6.75,8.5
377,50005379,6.0,,,,6.5,5.2,6.5,7.25,8.5
378,50005380,5.6,,,,6.5,3.6,4.25,6.5,8.0
379,50005381,5.4,4.25,6.25,3.25,6.0,3.4,,,
380,50005382,5.4,,,,5.75,4.4,6.25,6.5,7.25
381,50005383,6.8,,,,7.0,4.6,6.0,6.75,9.25
382,50005384,6.2,6.0,6.25,3.5,7.0,3.8,,,
383,50005385,6.2,4.5,5.75,2.25,6.5,5.6,,,
384,50005386,7.0,6.0,7.75,3.5,6.5,5.0,,,
385,50005387,6.0,5.5,5.0,3.75,4.0,3.6,,,
386,50005388,5.4,5.25,4.0,3.25,6.75,4.0,,,
387,50005389,2.0,,,,4.75,,5.0,5.0,
388,50005390,5.8,6.0,4.5,4.25,7.0,5.4,,,
389,50005391,7.0,,,,6.75,6.0,6.25,5.75,8.25
390,50005392,3.6,,,,5.75,,5.0,5.5,
391,50005393,6.4,,,,4.0,,5.75,6.0,
392,50005394,7.4,6.5,7.5,3.75,6.5,3.6,,,
393,50005395,7.8,7.25,8.25,3.0,6.25,5.2,,,
394,50005396,7.0,6.25,6.25,5.0,6.0,5.2,,,
395,50005397,6.2,,,,5.08,3.4,8.0,6.75,8.5
396,50005398,4.6,,,,4.58,,4.75,7.25,
397,50005399,6.8,5.5,5.5,5.25,6.5,9.0,,,
398,50005400,6.4,5.5,6.25,4.25,6.5,6.6,,,
399,50005401,5.4,,,,6.0,6.6,6.5,6.5,8.75
400,50005402,5.2,3.0,5.5,4.25,5.5,5.0,,,
401,50005403,5.2,,,,6.5,5.8,6.25,6.5,8.75
402,50005404,4.2,,,,5.5,,7.0,6.5,
403,50005405,5.4,,,,5.0,5.6,8.5,7.5,9.0
404,50005406,6.2,3.5,3.75,3.0,5.25,3.6,,,
405,50005407,7.6,6.25,6.0,3.75,7.0,3.0,,,
406,50005408,7.0,5.75,6.0,3.25,5.5,4.4,,,
407,50005409,7.8,,,,6.5,5.8,8.5,8.25,9.25
408,50005410,4.4,,,,6.0,,4.5,5.25,
409,50005411,3.8,,,,5.0,,7.25,7.75,
410,50005412,6.8,4.5,6.5,3.0,7.0,4.8,,,
411,50005413,6.6,,,,7.25,4.4,7.0,7.25,8.75
412,50005414,4.6,4.0,4.25,4.75,6.33,4.2,,,
413,50005415,4.2,,,,5.0,,3.25,6.25,
414,50005416,5.0,,,,7.0,3.6,5.75,8.0,8.5
415,50005417,5.2,,,,6.25,4.0,6.75,6.75,9.0
416,50005418,3.2,,,,5.0,,3.5,6.25,
417,50005419,6.4,5.25,5.5,4.75,5.0,2.0,,,
418,50005420,7.4,6.75,7.0,3.75,7.75,5.6,,,
419,50005421,4.6,,,,5.25,,5.5,6.0,
420,50005422,4.6,,,,7.5,6.6,5.0,7.25,8.5
421,50005423,3.6,4.25,4.25,3.75,7.0,3.0,,,
422,50005424,6.6,,,,7.5,5.0,7.25,7.75,9.0
423,50005425,3.2,2.75,4.25,3.5,6.75,5.6,,,
424,50005426,4.0,,,,6.0,,5.5,5.5,
425,50005427,7.6,8.0,8.25,5.25,7.5,7.6,,,
426,50005428,5.4,5.75,4.5,2.75,6.0,4.2,,,
427,50005429,5.2,5.75,5.25,2.0,6.0,4.6,,,
428,50005430,7.6,5.25,6.0,3.0,6.75,4.8,,,
429,50005431,6.2,4.0,5.5,2.5,5.25,4.0,,,
430,50005432,7.0,,,,6.0,2.6,5.5,7.25,7.25
431,50005433,8.4,7.5,7.5,5.75,8.0,6.4,,,
432,50005434,6.2,,,,5.25,4.2,4.5,7.5,8.0
433,50005435,4.8,4.0,6.25,3.5,7.0,3.2,,,
434,50005436,5.0,,,,6.5,,4.75,5.25,
435,50005437,6.4,,,,5.5,,4.0,6.75,
436,50005438,7.8,7.5,7.0,2.75,5.5,5.4,,,
437,50005439,5.2,,,,5.0,,6.0,6.25,
438,50005440,8.2,6.75,5.5,6.0,6.25,6.8,,,
439,50005441,3.8,,,,5.0,2.6,3.25,5.75,7.75
440,50005442,7.4,5.0,3.75,3.5,4.5,5.0,,,
441,50005443,6.0,6.0,6.25,3.5,6.0,4.6,,,
442,50005444,3.6,,,,5.25,3.2,4.5,6.5,9.0
443,50005445,7.0,6.0,8.0,5.0,5.25,4.6,,,
444,50005446,6.6,5.25,7.0,4.0,5.75,3.2,,,
445,50005447,2.6,,,,3.5,,2.5,5.0,
446,50005448,6.2,,,,7.0,3.2,7.75,6.5,8.75
447,50005449,7.4,,,,7.25,,7.75,8.0,
448,50005450,5.2,5.75,5.25,4.0,6.0,3.4,,,
449,50005451,6.4,5.5,7.25,4.0,7.0,5.0,,,
450,50005452,6.6,,,,6.5,5.2,9.0,8.5,8.75
451,50005453,3.0,,,,6.0,2.8,5.75,4.75,6.5
452,50005454,4.4,,,,3.0,,3.75,6.5,
453,50005455,7.4,6.75,7.25,5.75,6.75,6.6,,,
454,50005456,6.0,,,,4.0,,5.75,4.5,
455,50005457,7.2,7.25,8.25,4.0,7.75,3.8,,,
456,50005458,7.0,7.0,4.75,3.75,6.25,3.8,,,
457,50005459,6.2,5.5,6.25,4.25,7.0,4.2,,,
458,50005460,5.0,,,,5.25,,6.25,5.25,
459,50005461,6.6,,,,3.5,,5.25,6.75,
460,50005462,5.8,,,,7.0,5.2,8.25,7.75,8.75
461,50005463,6.2,,,,6.5,3.8,7.5,7.5,9.0
462,50005464,6.6,,,,7.0,5.0,8.75,7.5,9.5
463,50005465,6.2,,,,7.0,4.6,6.0,5.0,7.5
464,50005466,4.8,2.75,5.0,3.75,7.0,5.2,,,
465,50005467,6.2,,,,7.5,4.4,6.0,7.5,8.5
466,50005468,6.8,,,,7.25,4.8,6.5,6.25,8.75
467,50005469,6.8,5.75,7.0,4.0,7.0,6.4,,,
468,50005470,6.8,,,,7.0,,7.0,6.0,
469,50005471,6.0,,,,7.75,4.8,7.75,6.5,8.25
470,50005472,3.6,,,,6.5,6.4,5.25,6.25,7.75
471,50005473,5.6,6.0,5.5,3.75,5.75,4.0,,,
472,50005474,7.6,5.25,6.75,5.25,6.25,4.4,,,
473,50005475,7.0,6.75,4.5,5.25,6.5,5.4,,,
474,50005476,4.6,4.5,5.75,6.0,7.5,4.2,,,
475,50005477,7.2,,,,7.75,5.0,7.25,6.5,9.5
476,50005478,4.2,,,,5.25,3.4,6.0,6.5,8.0
477,50005479,7.4,,,,6.25,,8.75,7.25,
478,50005480,6.2,6.0,6.5,3.75,5.5,4.6,,,
479,50005481,6.2,6.25,5.0,4.0,6.0,4.2,,,
480,50005482,6.8,,,,7.0,4.8,7.5,8.25,9.5
481,50005483,7.4,,,,6.0,,5.5,6.5,
482,50005484,7.0,3.5,3.0,3.0,6.5,2.4,,,
483,50005485,5.6,,,,4.75,,5.0,5.0,
484,50005486,6.0,,,,5.75,3.2,4.5,4.75,6.25
485,50005487,4.0,,,,4.92,,6.0,5.5,
486,50005488,6.0,,,,6.75,4.0,6.75,5.0,7.5
487,50005489,5.4,,,,7.0,4.2,4.5,6.25,5.5
488,50005490,7.2,,,,7.0,4.8,8.0,7.0,9.5
489,50005491,6.2,6.75,6.75,4.75,7.25,6.0,,,
490,50005492,7.6,7.5,6.0,4.75,8.5,6.4,,,
491,50005493,6.0,,,,8.5,4.2,5.5,6.5,8.5
492,50005494,3.0,,,,8.0,3.4,5.5,4.5,8.25
493,50005495,7.6,6.5,7.25,3.0,6.5,4.0,,,
494,50005496,6.2,,,,7.5,6.8,7.5,7.25,8.75
495,50005497,7.6,,,,7.5,4.0,7.25,7.25,9.75
496,50005498,6.2,5.5,6.25,2.5,6.5,4.2,,,
497,50005499,5.8,,,,4.5,,6.0,5.25,
498,50005500,7.0,,,,5.17,,7.0,5.75,
499,50005501,5.8,,,,3.75,,4.5,4.5,
500,50005502,7.2,7.25,8.25,5.25,6.25,5.6,,,
501,50005503,6.2,,,,5.75,3.6,5.75,6.5,8.0
502,50005504,5.6,,,,6.5,3.2,5.75,6.75,8.25
503,50005505,6.0,5.5,5.25,2.75,5.75,4.2,,,
504,50005506,5.4,,,,6.0,5.2,7.0,8.0,9.5
505,50005507,6.6,,,,5.75,3.8,5.75,7.0,8.75
506,50005508,5.2,,,,6.25,,7.25,8.0,
507,50005509,7.0,,,,7.75,4.8,7.0,7.5,9.0
508,50005510,5.8,7.25,6.25,5.0,8.5,4.0,,,
509,50005511,6.2,4.75,4.5,3.75,7.25,6.4,,,
510,50005512,5.4,4.0,5.75,3.5,7.5,4.6,,,
511,50005513,5.8,,,,6.75,3.4,6.75,7.0,8.25
512,50005514,5.8,,,,7.25,3.0,7.5,8.0,9.25
513,50005515,6.4,3.75,5.0,3.5,5.5,4.6,,,
514,50005516,4.0,4.75,4.5,2.25,6.0,3.6,,,
515,50005517,6.4,,,,7.75,5.0,6.5,7.0,8.0
516,50005518,6.4,,,,5.5,4.4,5.25,6.25,7.5
517,50005519,5.6,6.5,5.0,4.5,6.5,5.0,,,
518,50005520,4.0,,,,6.0,3.6,4.25,6.5,8.0
519,50005521,4.6,,,,4.75,3.8,6.0,6.75,7.5
520,50005522,6.0,5.0,5.0,4.5,6.75,5.4,,,
521,50005523,4.2,,,,5.0,3.2,5.5,7.25,7.75
522,50005524,6.0,5.5,5.5,5.25,6.5,5.4,,,
523,50005526,7.2,7.25,4.25,3.75,6.0,9.0,,,
524,50005527,5.6,,,,6.75,,6.25,7.0,
525,50005528,8.6,6.5,6.0,2.75,5.0,4.8,,,
526,50005529,6.8,,,,6.75,4.8,8.0,8.0,9.25
527,50005530,5.6,5.25,4.5,3.0,4.75,3.2,,,
528,50005531,7.8,5.5,7.0,4.25,6.0,5.8,,,
529,50005532,7.0,5.0,5.75,3.75,6.0,2.6,,,
530,50005533,6.4,6.25,6.0,2.75,7.0,6.0,,,
531,50005534,6.4,6.0,5.5,3.0,6.25,5.0,,,
532,50005535,7.2,5.25,6.0,3.25,4.5,5.8,,,
533,50005536,5.6,,,,7.5,4.0,7.5,7.25,8.5
534,50005537,5.6,,,,6.5,,6.75,6.5,
535,50005538,3.8,,,,6.5,,6.0,4.5,
536,50005539,7.4,5.75,6.0,3.75,6.0,4.8,,,
537,50005540,7.2,7.25,6.75,4.5,6.75,5.8,,,
538,50005541,6.6,5.25,5.5,4.0,6.0,2.4,,,
539,50005542,8.2,4.75,6.25,4.25,6.5,5.4,,,
540,50005543,5.4,,,,8.25,5.4,8.5,8.25,9.5
541,50005544,5.2,4.25,5.5,1.75,4.25,2.6,,,
542,50005545,6.6,,,,7.25,,6.0,7.25,
543,50005546,4.8,6.75,6.75,4.0,7.5,4.2,,,
544,50005547,5.0,,,,6.0,,5.5,7.0,
545,50005548,5.2,5.75,5.5,4.5,5.75,5.2,,,
546,50005549,5.2,4.25,3.5,5.25,6.25,3.8,,,
547,50005550,6.4,4.75,5.75,2.0,6.0,5.6,,,
548,50005551,6.8,6.0,6.25,4.0,7.0,5.2,,,
549,50005552,5.0,7.0,7.5,3.0,7.5,5.2,,,
550,50005553,5.0,,,,5.0,,4.25,3.75,
551,50005554,6.4,5.5,5.5,3.5,7.25,4.0,,,
552,50005555,4.6,4.25,4.75,3.5,6.0,3.6,,,
553,50005556,5.6,3.0,4.25,4.75,8.25,7.6,,,
554,50005557,6.8,6.25,6.5,6.0,8.5,8.4,,,
555,50005558,6.4,,,,6.0,4.4,4.75,5.25,8.25
556,50005559,5.6,6.5,4.25,5.0,7.0,3.8,,,
557,50005560,6.8,4.75,6.75,4.5,6.75,4.8,,,
558,50005561,6.4,6.0,6.25,4.25,6.75,4.6,,,
559,50005562,5.4,,,,5.25,3.4,2.75,5.0,7.5
560,50005563,5.6,,,,6.75,5.4,7.5,7.5,9.5
561,50005564,6.2,5.5,5.25,2.75,5.75,4.2,,,
562,50005565,4.6,,,,5.0,,7.25,6.25,
563,50005566,7.8,5.5,6.75,5.25,6.0,5.4,,,
564,50005567,6.8,,,,6.5,,6.5,8.75,
565,50005568,5.0,5.75,6.0,3.25,5.5,6.4,,,
566,50005569,3.2,,,,4.5,,6.25,5.25,
567,50005570,6.6,,,,7.75,6.6,7.0,6.0,8.75
568,50005571,7.0,6.0,6.5,5.0,6.5,5.6,,,
569,50005572,5.8,,,,6.25,5.6,7.5,6.75,7.0
570,50005573,6.2,,,,7.75,4.8,8.0,8.5,9.5
571,50005574,5.4,,,,7.5,3.6,6.5,6.75,7.25
572,50005575,2.8,,,,5.0,3.8,4.0,5.0,6.25
573,50005576,4.2,,,,6.0,,4.75,5.25,
574,50005577,6.8,6.0,7.25,5.75,7.0,5.2,,,
575,50005578,6.6,5.75,6.0,4.0,5.0,5.6,,,
576,50005579,3.4,,,,5.25,,4.25,5.75,
577,50005581,3.6,,,,7.75,4.2,5.5,5.75,8.5
578,50005582,6.6,5.5,4.75,3.75,6.5,5.2,,,
579,50005583,5.6,,,,7.0,5.0,5.25,7.0,8.5
580,50005584,7.2,6.25,5.75,4.25,7.0,5.0,,,
581,50005585,6.2,,,,7.5,4.4,6.0,6.5,8.75
582,50005586,4.8,5.25,5.5,4.25,6.75,4.8,,,
583,50005587,8.6,8.25,8.5,7.0,7.5,5.0,,,
584,50005588,7.8,,,,7.0,7.4,8.5,7.5,9.0
585,50005589,7.2,6.25,4.75,5.25,7.25,7.6,,,
586,50005590,7.0,,,,6.0,,6.25,5.0,
587,50005591,7.2,6.5,7.0,4.75,7.0,3.8,,,
588,50005592,6.0,6.5,4.75,3.75,6.75,2.6,,,
589,50005593,5.8,,,,5.0,,6.0,7.0,
590,50005594,5.6,4.25,5.0,3.75,5.75,,,,
591,50005595,3.2,,,,5.75,,4.25,5.25,
592,50005596,3.8,,,,6.0,,3.5,6.0,
593,50005597,7.8,6.25,7.5,7.5,8.0,5.2,,,
594,50005598,8.0,8.0,7.0,6.5,8.0,7.4,,,
595,50005599,8.4,8.25,8.5,7.25,8.0,5.4,,,
596,50005600,5.8,,,,5.0,,5.75,7.0,
597,50005601,6.6,,,,7.25,5.2,7.25,6.25,8.75
598,50005602,4.6,,,,4.25,,3.5,6.25,
599,50005603,8.4,6.75,7.25,6.0,5.5,,,,
600,50005604,7.4,7.5,6.25,5.5,7.5,5.2,,,
601,50005605,4.4,,,,5.25,4.2,5.5,6.0,7.5
602,50005606,6.0,6.25,6.25,5.25,7.25,4.0,,,
603,50005607,8.0,,,,8.25,5.0,8.25,6.75,8.25
604,50005608,6.6,,,,7.25,3.8,6.5,7.75,8.75
605,50005609,8.0,8.5,7.5,6.25,8.5,7.2,,,
606,50005610,7.4,,,,5.5,4.6,7.75,8.75,8.5
607,50005611,6.8,,,,8.0,4.4,8.75,7.5,9.5
608,50005612,7.8,8.0,7.75,6.5,7.5,6.2,,,
609,50005613,5.2,,,,5.75,,4.75,6.5,
610,50005614,8.2,6.75,8.25,6.5,7.25,4.0,,,
611,50005615,6.6,,,,6.0,4.6,7.25,6.0,8.5
612,50005616,6.4,5.5,5.25,4.75,5.25,,,,
613,50005617,6.0,,,,6.5,4.2,4.5,5.25,8.0
614,50005618,3.6,,,,5.0,,6.0,5.75,
615,50005619,7.2,5.0,5.75,4.25,7.0,5.2,,,
616,50005620,7.8,7.5,7.5,6.25,8.5,6.6,,,
617,50005621,8.2,,,,7.25,4.8,7.25,6.75,9.0
618,50005622,6.2,,,,6.0,,7.5,7.25,
619,50005623,3.6,,,,3.75,,3.0,6.25,
620,50005624,2.2,,,,5.25,,5.5,6.0,
621,50005625,8.4,,,,7.25,3.8,7.0,8.25,9.25
622,50005626,7.6,,,,6.0,5.2,9.0,8.25,9.25
623,50005627,5.4,,,,5.75,3.2,6.25,6.75,7.25
624,50005628,7.2,,,,5.75,,4.5,7.0,
625,50005629,7.8,7.0,6.25,3.25,6.75,3.8,,,
626,50005630,6.4,,,,7.5,4.8,6.0,5.75,8.75
627,50005631,5.6,,,,8.0,4.2,8.0,7.25,9.0
628,50005632,6.8,4.5,5.25,5.0,6.75,4.6,,,
629,50005633,6.8,,,,7.0,4.2,8.0,6.75,9.0
630,50005634,3.8,,,,5.25,,5.75,7.25,
631,50005635,2.4,,,,4.5,,5.25,5.0,
632,50005636,6.2,,,,7.0,2.8,5.5,4.75,8.25
633,50005637,2.6,,,,3.75,,3.25,5.0,
634,50005638,3.8,,,,5.25,,7.0,6.75,
635,50005639,4.8,,,,7.0,3.4,7.75,7.25,6.75
636,50005640,7.0,,,,6.5,,8.25,8.25,
637,50005641,8.2,7.5,7.25,6.0,7.75,5.4,,,
638,50005642,3.4,,,,5.5,,4.75,7.0,
639,50005643,4.4,,,,5.0,,4.0,5.5,
640,50005644,4.0,3.0,4.75,3.5,5.0,,,,
641,50005645,7.8,4.75,6.25,5.5,7.25,4.6,,,
642,50005646,2.8,,,,5.25,,6.0,5.25,
643,50005647,5.8,,,,6.75,4.4,7.25,6.75,8.75
644,50005648,7.2,6.25,7.0,5.25,6.5,5.4,,,
645,50005649,4.4,,,,5.5,,6.75,7.75,
646,50005650,6.6,,,,3.75,,4.75,5.75,
647,50005651,7.2,5.75,5.5,4.0,6.75,4.0,,,
648,50005652,6.4,,,,6.0,,6.25,6.5,
649,50005653,7.4,,,,7.5,3.4,9.25,7.75,9.75
650,50005654,8.2,6.75,7.25,6.0,7.0,6.0,,,
651,50005655,8.2,7.75,7.25,3.5,6.75,3.8,,,
652,50005656,7.4,5.25,4.25,4.0,9.25,7.8,,,
653,50005657,7.0,5.0,8.0,5.25,7.5,,,,
654,50005658,6.6,6.25,7.0,5.25,7.0,4.6,,,
655,50005659,7.0,,,,5.5,,4.5,6.5,
656,50005660,4.4,,,,3.75,,6.0,5.0,
657,50005661,7.2,7.75,5.5,3.75,6.0,5.0,,,
658,50005662,6.6,,,,6.75,4.0,8.0,6.5,8.75
659,50005663,5.8,,,,7.5,4.4,5.75,7.0,7.75
660,50005664,5.2,,,,5.75,,7.25,7.0,
661,50005665,8.4,8.5,9.25,6.0,7.75,4.8,,,
662,50005666,7.4,,,,6.75,,6.5,7.25,
663,50005667,6.8,,,,7.0,4.8,7.75,8.0,8.5
664,50005668,7.4,,,,6.75,5.6,7.5,7.25,9.0
665,50005669,7.2,6.25,6.75,5.25,8.25,5.0,,,
666,50005670,5.4,6.0,4.0,3.5,7.0,4.0,,,
667,50005671,5.6,,,,6.0,,5.25,7.25,
668,50005672,9.0,7.25,6.25,5.0,8.0,6.2,,,
669,50005673,6.8,7.5,6.25,5.0,7.75,7.4,,,
670,50005674,6.2,,,,7.0,7.0,6.75,7.5,8.0
671,50005675,8.2,7.75,8.25,5.75,7.5,4.4,,,
672,50005676,3.4,,,,7.25,2.8,8.0,7.25,9.0
673,50005677,9.0,8.0,7.75,8.0,5.25,,,,
674,50005678,6.8,6.5,5.75,6.0,6.5,6.2,,,
675,50005679,2.8,,,,5.41,,4.25,5.5,
676,50005680,4.8,,,,5.0,,4.25,6.0,
677,50005681,6.0,,,,7.0,4.2,7.5,8.25,8.0
678,50005682,2.6,,,,5.0,,5.75,6.75,
679,50005683,3.4,,,,6.0,,4.5,5.75,
680,50005684,6.2,,,,6.0,,5.25,6.0,
681,50005685,5.2,,,,6.0,3.6,8.25,7.5,8.5
682,50005686,8.2,,,,7.25,5.8,9.0,8.25,9.25
683,50005687,7.4,7.5,7.5,4.75,7.75,,,,
684,50005688,6.2,,,,4.5,,4.5,6.25,
685,50005689,6.0,,,,4.0,,4.75,5.5,
686,50005690,7.0,,,,5.75,,8.0,8.25,
687,50005691,4.8,,,,5.5,2.8,3.25,5.0,7.0
688,50005692,7.8,,,,6.25,,7.5,7.75,
689,50005693,3.6,,,,5.25,,1.75,6.0,
690,50005694,6.2,,,,6.5,5.6,6.5,5.25,8.0
691,50005695,9.0,7.5,8.5,8.75,7.25,7.0,,,
692,50005696,5.8,,,,6.0,3.4,7.0,7.25,8.75
693,50005697,8.2,7.5,8.25,6.25,7.5,3.8,,,
694,50005698,5.0,,,,6.0,3.2,7.0,6.25,8.25
695,50005699,7.8,,,,8.0,,9.0,8.75,
696,50005700,7.2,,,,6.25,5.4,7.5,6.5,8.5
697,50005701,7.6,,,,7.5,7.6,8.0,8.0,9.25
698,50005702,7.6,,,,8.25,5.2,8.25,8.5,9.25
699,50005703,6.8,,,,6.92,4.0,4.5,6.25,8.75
700,50005704,5.2,,,,4.25,,3.5,5.25,
701,50005705,3.6,,,,5.0,,4.75,7.25,
702,50005706,6.0,,,,4.5,2.6,8.0,9.0,9.0
703,50005707,7.8,6.5,7.25,6.75,8.75,8.6,,,
704,50005708,6.4,,,,6.5,4.4,5.75,6.25,7.75
705,50005709,6.4,,,,8.0,4.4,7.75,8.0,9.5
706,50005710,5.8,,,,7.5,3.8,6.5,7.0,9.25
707,50005711,7.0,,,,8.0,5.0,8.25,6.75,8.75
708,50005712,5.2,,,,5.5,,6.5,6.0,
709,50005713,5.0,,,,6.75,,3.5,6.0,
710,50005714,4.8,,,,5.0,,2.5,5.5,
711,50005715,6.2,,,,6.0,,8.25,7.0,
712,50005716,7.2,,,,7.0,,9.25,9.0,
713,50005717,8.0,7.5,6.75,4.5,7.0,6.8,,,
714,50005718,6.8,,,,8.0,4.6,6.5,6.25,8.5
715,50005719,6.6,,,,5.0,5.2,6.0,6.0,9.0
716,50005720,8.0,6.5,7.0,6.0,8.5,7.0,,,
717,50005721,2.4,,,,1.5,,3.0,4.25,
718,50005722,3.4,,,,3.5,,3.75,5.0,
719,50005723,7.6,7.5,6.5,5.5,6.5,,,,
720,50005724,4.8,,,,6.5,,4.0,6.75,
721,50005725,4.4,,,,6.75,,6.25,6.75,
722,50005726,7.2,,,,8.5,5.6,7.5,9.0,9.5
723,50005727,5.8,,,,6.5,,3.75,5.5,
724,50005728,4.4,,,,6.5,,5.25,7.25,
725,50005729,8.0,,,,6.5,4.6,8.5,7.25,9.0
726,50005730,8.2,,,,7.5,4.4,6.5,6.75,9.25
727,50005731,6.6,,,,5.25,5.2,7.75,6.75,8.75
728,50005732,8.6,8.5,8.5,6.75,6.5,6.2,,,
729,50005733,2.6,,,,5.0,,4.5,7.75,
730,50005734,7.6,6.25,5.5,5.5,7.0,3.2,,,
731,50005735,8.4,6.0,6.25,3.5,7.25,6.8,,,
732,50005736,4.4,,,,4.25,,5.25,6.75,
733,50005737,5.2,,,,5.0,5.2,5.0,4.5,8.0
734,50005738,5.6,,,,4.75,2.6,6.75,5.75,6.75
735,50005739,8.0,,,,6.75,3.6,8.5,8.25,9.25
736,50005740,8.0,7.25,7.75,5.75,6.0,6.4,,,
737,50005741,8.2,,,,5.0,,6.75,5.75,
738,50005742,5.2,,,,6.17,,6.25,6.25,
739,50005743,6.6,,,,7.25,5.2,7.75,7.25,8.75
740,50005744,3.2,,,,2.75,,3.75,6.5,
741,50005745,5.8,,,,6.0,2.6,6.75,6.0,7.25
742,50005746,5.4,,,,6.25,,4.75,8.25,
743,50005747,7.2,5.75,5.5,4.75,6.5,4.6,,,
744,50005748,7.0,,,,7.0,4.0,7.25,6.5,9.5
745,50005749,7.4,7.5,7.75,6.25,8.25,5.6,,,
746,50005750,7.0,7.25,3.75,5.25,4.75,3.8,,,
747,50005751,6.6,,,,6.0,,5.75,8.5,
748,50005752,7.2,6.75,7.5,5.5,7.25,4.0,,,
749,50005753,4.4,,,,5.75,,4.75,5.75,
750,50005754,7.6,6.25,7.5,4.75,7.5,2.8,,,
751,50005755,7.6,,,,8.0,5.4,9.0,8.5,9.0
752,50005756,5.8,,,,4.0,,4.5,7.25,
753,50005757,6.2,,,,6.0,4.2,8.0,7.25,8.75
754,50005758,8.6,6.25,7.5,5.75,7.25,5.4,,,
755,50005759,4.0,,,,5.25,,7.0,6.5,
756,50005760,5.2,,,,7.16,4.2,6.75,6.75,9.0
757,50005761,5.0,,,,6.0,4.2,6.0,6.5,7.25
758,50005762,7.0,,,,4.0,3.6,7.5,7.25,8.75
759,50005763,7.6,8.0,7.5,5.5,7.5,4.6,,,
760,50005764,7.6,7.0,6.75,7.75,7.5,4.4,,,
761,50005765,4.4,,,,5.0,,4.75,6.25,
762,50005766,5.2,,,,6.5,,6.25,7.25,
763,50005767,4.4,,,,6.25,4.2,4.5,6.25,8.75
764,50005768,4.8,,,,6.5,,7.0,6.5,
765,50005769,6.2,,,,6.0,4.2,5.75,6.0,8.5
766,50005770,5.4,,,,5.25,,4.0,6.75,
767,50005771,7.4,5.0,4.5,4.5,7.0,4.6,,,
768,50005772,6.2,,,,7.5,,6.0,5.5,
769,50005773,6.0,,,,7.25,4.2,5.25,6.0,8.25
770,50005774,4.4,,,,6.17,4.4,6.25,6.25,9.5
771,50005775,4.0,,,,5.25,,4.25,5.5,
772,50005776,6.2,5.75,6.25,5.75,6.5,6.6,,,
773,50005777,5.8,,,,4.5,,3.5,6.25,
774,50005778,5.4,,,,6.0,4.0,6.5,5.25,8.75
775,50005779,2.6,,,,1.5,,3.5,2.25,
776,50005780,5.6,,,,5.25,,7.75,6.75,
777,50005781,7.2,5.25,4.5,2.25,6.75,4.2,,,
778,50005782,7.0,7.0,6.0,4.25,5.75,6.6,,,
779,50005784,5.6,,,,4.0,,3.75,7.75,
780,50005785,7.0,6.0,6.25,5.5,7.25,6.0,,,
781,50005786,7.6,,,,8.25,5.8,7.5,7.0,9.25
782,50005787,7.4,,,,6.5,6.2,8.0,6.5,8.75
783,50005788,8.6,8.5,6.0,4.5,7.75,8.2,,,
784,50005789,4.8,,,,6.5,,7.5,7.25,
785,50005790,7.4,7.5,6.25,5.5,7.5,4.2,,,
786,50005791,6.6,,,,5.75,4.2,8.75,8.75,9.5
787,50005792,4.6,,,,5.5,2.8,8.0,6.25,8.75
788,50005793,7.2,,,,6.75,5.2,7.25,7.0,9.25
789,50005794,7.8,6.25,6.0,6.0,6.0,,,,
790,50005795,6.8,,,,7.5,4.4,5.5,5.5,8.5
791,50005796,7.0,,,,8.0,4.8,6.5,6.75,8.0
792,50005797,6.4,6.5,5.75,4.5,6.75,5.2,,,
793,50005798,4.0,,,,6.75,3.4,4.0,7.0,8.0
794,50005799,3.0,,,,3.5,,2.5,5.25,
795,50005800,5.8,,,,5.0,,3.5,5.75,
796,50005801,6.2,,,,5.5,4.0,4.25,6.0,8.75
797,50005802,5.2,,,,5.75,,5.25,7.25,
798,50005803,6.0,,,,7.25,4.0,8.25,6.5,8.25
799,50005804,6.8,,,,6.0,4.8,5.5,7.0,8.25
800,50005805,6.8,,,,6.25,4.2,6.75,7.0,8.25
801,50005806,2.6,,,,3.0,,2.75,4.0,
802,50005807,6.4,6.75,5.75,3.75,6.75,2.6,,,
803,50005808,4.0,,,,6.5,1.8,5.0,4.5,7.5
804,50005810,8.2,7.25,6.5,5.0,8.5,5.2,,,
805,50005811,6.8,5.25,5.25,3.25,6.75,5.6,,,
806,50005812,7.6,7.5,8.5,4.75,8.5,4.0,,,
807,50005813,7.8,6.25,6.25,4.5,8.0,4.8,,,
808,50005814,6.4,,,,5.5,,6.75,4.75,
809,50005815,7.4,,,,6.0,6.8,8.0,7.25,
810,50005816,3.6,,,,5.5,,2.5,3.25,
811,50005817,6.8,7.75,5.5,3.5,7.75,6.4,,,
812,50005818,5.6,,,,7.5,3.6,7.0,7.25,8.25
813,50005819,8.4,6.5,7.5,7.25,8.25,7.2,,,
814,50005820,6.2,,,,7.75,5.0,7.75,5.5,8.25
815,50005821,6.0,7.5,5.75,4.25,5.75,4.6,,,
816,50005822,5.0,,,,6.0,,4.75,7.0,
817,50005823,5.4,,,,6.0,,4.5,5.75,
818,50005824,7.4,6.75,6.5,5.25,6.75,4.4,,,
819,50005825,6.0,,,,6.75,3.4,8.5,7.75,8.25
820,50005826,7.8,7.0,6.25,4.5,7.5,4.8,,,
821,50005827,5.0,,,,6.5,,4.25,6.5,
822,50005828,5.4,,,,4.5,,4.0,5.25,
823,50005829,6.8,,,,6.0,,7.75,6.5,
824,50005830,5.8,,,,5.75,2.8,5.25,6.0,7.75
825,50005831,5.8,,,,6.0,,5.5,4.5,
826,50005832,6.0,,,,7.0,5.2,9.25,8.25,9.0
827,50005833,7.6,,,,5.0,,7.25,6.75,
828,50005834,4.8,,,,8.5,4.6,7.75,6.75,9.25
829,50005835,7.2,,,,7.5,5.8,8.5,8.0,9.5
830,50005836,6.0,,,,7.5,5.6,7.5,8.0,9.0
831,50005837,6.8,,,,7.5,5.4,7.25,5.75,8.25
832,50005838,7.4,,,,7.25,6.2,6.75,6.75,8.5
833,50005839,5.8,3.5,4.75,3.75,6.75,,,,
834,50005840,7.4,,,,7.25,4.2,5.5,8.25,8.25
835,50005841,4.6,,,,7.0,3.0,4.75,7.0,8.25
836,50005842,7.6,8.5,6.75,6.0,8.5,5.0,,,
837,50005843,6.4,,,,5.75,,5.5,6.25,
838,50005844,7.2,,,,6.5,4.6,6.75,7.25,8.75
839,50005845,4.8,,,,6.0,,5.75,6.75,
840,50005846,7.0,6.75,6.25,5.0,6.25,3.8,,,
841,50005847,7.4,5.75,6.75,4.25,7.25,4.8,,,
842,50005848,5.4,4.0,5.5,4.5,6.5,3.4,,,
843,50005849,7.0,8.25,7.5,5.5,6.5,4.6,,,
844,50005850,6.8,5.5,6.0,4.5,7.0,4.6,,,
845,50005851,8.4,,,,7.25,3.6,9.0,9.0,9.5
846,50005852,7.0,,,,5.25,,3.0,6.25,
847,50005853,6.4,5.75,6.75,3.5,7.0,5.8,,,
848,50005854,3.8,,,,5.0,,4.0,7.5,
849,50005855,7.8,,,,6.25,,5.75,6.75,
850,50005856,5.4,,,,6.25,2.8,6.75,6.0,8.0
851,50005857,6.2,4.75,6.75,1.75,5.41,3.8,,,
852,50005858,7.0,6.5,7.25,5.0,6.5,5.0,,,
853,50005859,5.4,,,,6.75,3.2,6.0,6.5,8.75
854,50005860,5.4,,,,7.0,3.4,7.25,7.25,8.0
855,50005861,8.2,8.5,7.5,6.75,6.5,5.2,,,
856,50005862,7.6,7.25,7.0,3.25,5.25,4.0,,,
857,50005863,6.4,6.25,6.5,3.25,5.92,4.2,,,
858,50005864,7.2,5.75,5.5,4.0,5.5,4.8,,,
859,50005865,5.6,,,,6.25,5.2,6.75,7.0,8.0
860,50005866,7.6,7.75,5.25,7.0,8.0,6.6,,,
861,50005867,4.0,,,,5.25,,8.0,7.75,
862,50005868,2.6,,,,6.5,,6.0,6.75,
863,50005869,7.8,7.25,8.5,6.75,8.5,6.4,,,
864,50005870,5.8,,,,5.75,4.2,6.25,6.5,8.75
865,50005871,6.2,,,,5.75,4.0,6.0,7.75,7.25
866,50005872,3.0,,,,5.0,,4.25,7.0,
867,50005873,6.2,,,,6.0,2.8,5.0,6.5,7.75
868,50005874,7.4,6.0,5.75,5.0,6.0,3.6,,,
869,50005875,3.6,,,,4.25,,5.5,7.0,
870,50005876,8.0,7.0,6.25,5.5,7.58,3.2,,,
871,50005877,7.2,6.75,6.5,6.25,7.5,5.6,,,
872,50005878,5.8,4.25,5.0,3.75,7.0,7.2,,,
873,50005879,6.6,,,,6.5,4.0,6.25,6.0,8.0
874,50005880,6.6,,,,8.0,,8.25,7.75,
875,50005881,6.8,,,,7.25,6.0,8.75,8.5,9.0
876,50005882,7.0,,,,6.75,3.2,7.5,6.75,8.25
877,50005883,7.4,,,,7.0,5.6,8.25,7.5,8.5
878,50005884,6.6,5.75,3.25,4.5,6.75,4.2,,,
879,50005885,8.4,7.5,7.75,5.0,7.0,4.6,,,
880,50005886,8.2,6.0,8.25,8.5,7.0,5.8,,,
881,50005887,5.6,,,,5.75,,5.25,6.5,
882,50005888,4.8,,,,7.0,4.0,4.75,7.0,8.25
883,50005889,5.2,,,,8.25,3.0,7.25,6.5,8.75
884,50005890,3.0,,,,6.25,,3.5,6.25,
885,50005891,5.6,,,,7.5,4.0,5.25,5.75,9.5
886,50005892,8.8,8.75,7.5,7.0,8.75,8.2,,,
887,50005893,9.2,8.5,8.0,5.0,8.0,5.6,,,
888,50005894,8.2,7.75,8.0,6.0,6.75,4.4,,,
889,50005895,3.2,,,,3.0,,6.75,7.0,
890,50005896,6.2,,,,5.0,4.8,8.5,7.25,9.25
891,50005897,4.6,,,,3.0,,4.75,5.5,
892,50005898,6.6,,,,6.5,4.2,7.0,6.25,8.5
893,50005899,3.6,,,,2.75,,4.5,5.0,
894,50005900,5.2,,,,4.5,,3.0,6.5,
895,50005901,7.6,4.75,4.25,3.75,5.17,6.2,,,
896,50005902,7.8,6.0,8.0,4.75,7.75,5.2,,,
897,50005903,5.4,,,,5.0,,8.25,7.0,
898,50005904,7.4,6.0,6.25,5.0,5.0,4.0,,,
899,50005905,4.8,6.0,6.0,5.75,5.5,4.6,,,
900,50005906,6.4,,,,6.25,,6.5,7.25,
901,50005907,5.6,,,,4.5,,7.0,7.5,
902,50005908,7.0,,,,6.5,3.6,8.0,7.0,9.25
903,50005909,6.8,6.0,6.0,5.75,5.83,3.6,,,
904,50005910,6.4,,,,5.5,,8.25,6.75,
905,50005911,5.6,,,,5.5,,4.0,5.75,
906,50005912,5.2,,,,3.25,,5.75,6.75,
907,50005913,8.2,8.25,8.25,5.25,7.5,4.6,,,
908,50005914,5.2,,,,5.0,,2.5,5.0,
909,50005915,5.0,,,,4.25,,4.5,5.5,
910,50005916,5.2,,,,2.5,,2.5,5.25,
911,50005917,4.2,,,,6.0,,4.5,5.25,
912,50005918,2.8,,,,5.25,,4.75,5.25,
913,50005919,6.8,7.0,6.25,5.0,7.25,5.4,,,
914,50005920,6.8,6.5,4.75,4.75,7.75,5.4,,,
915,50005921,6.4,,,,5.25,3.2,6.5,5.75,8.5
916,50005922,5.4,,,,7.75,4.4,6.75,7.25,8.25
917,50005923,5.6,6.25,5.75,2.25,6.5,5.8,,,
918,50005924,8.4,7.75,7.0,5.25,7.5,7.2,,,
919,50005925,8.6,7.5,6.5,5.5,6.5,7.4,,,
920,50005926,5.8,,,,3.5,,6.25,6.5,
921,50005927,8.8,7.75,8.0,4.5,8.0,4.8,,,
922,50005928,4.6,,,,7.0,,7.0,6.25,
923,50005929,8.4,8.75,7.25,6.75,7.5,5.6,,,
924,50005930,6.2,,,,5.0,,7.25,7.75,
925,50005931,5.4,,,,5.75,,4.0,6.75,
926,50005932,5.8,,,,5.75,4.4,6.5,7.75,8.5
927,50005933,6.4,6.25,5.75,4.25,6.5,4.6,,,
928,50005934,7.4,5.5,6.75,4.5,7.75,4.4,,,
929,50005935,8.0,6.75,5.75,5.0,7.5,6.4,,,
930,50005936,7.6,7.75,8.0,6.5,8.5,6.0,,,
931,50005937,7.6,,,,7.75,,8.5,8.25,
932,50005938,3.4,,,,3.75,,6.25,6.25,
933,50005939,5.4,,,,7.5,4.4,3.5,6.5,7.0
934,50005940,5.8,4.75,6.25,6.75,7.75,3.4,,,
935,50005941,7.8,8.75,5.25,7.0,7.25,3.0,,,
936,50005942,8.2,8.25,7.0,6.5,7.0,4.2,,,
937,50005943,4.8,,,,6.25,4.2,6.0,6.75,7.5
938,50005944,7.6,,,,6.25,3.8,7.75,6.75,8.5
939,50005945,6.6,,,,4.75,,7.75,6.5,
940,50005946,2.4,,,,4.25,,3.75,5.5,
941,50005947,7.0,,,,7.5,6.6,8.25,8.0,9.5
942,50005948,2.2,,,,3.25,,4.25,4.25,
943,50005949,6.2,,,,6.75,5.0,6.75,7.0,9.0
944,50005950,6.6,,,,6.0,,6.5,6.75,
945,50005951,2.8,,,,3.75,,1.75,4.75,
946,50005952,6.2,,,,7.75,5.0,8.25,7.0,8.75
947,50005953,6.6,,,,8.75,5.8,9.25,7.75,8.5
948,50005954,6.2,,,,5.75,,5.5,7.25,
949,50005955,8.4,8.0,8.5,6.5,8.75,7.2,,,
950,50005956,6.0,,,,4.25,,4.5,6.25,
951,50005957,4.6,,,,6.75,5.2,4.75,6.5,7.0
952,50005958,5.6,,,,6.5,4.4,6.0,5.25,6.75
953,50005959,7.4,5.0,7.25,4.25,6.25,4.2,,,
954,50005960,5.8,6.25,6.75,4.5,7.25,3.6,,,
955,50005961,7.4,,,,7.25,3.6,7.5,7.75,9.5
956,50005962,6.2,,,,5.25,3.6,5.0,7.0,7.75
957,50005963,7.4,,,,7.0,4.8,7.25,8.0,9.25
958,50005964,3.6,,,,1.75,,4.5,3.75,
959,50005965,7.6,,,,6.75,3.8,8.0,6.5,8.75
960,50005966,8.0,6.75,7.0,7.0,8.0,5.6,,,
961,50005967,6.0,,,,5.0,4.2,7.5,6.5,8.0
962,50005968,5.8,,,,2.75,,2.5,5.5,
963,50005969,7.0,,,,6.0,,7.5,7.0,
964,50005970,5.6,,,,6.0,3.6,6.25,6.5,9.0
965,50005971,4.0,,,,2.92,,5.0,5.75,
966,50005972,6.0,,,,5.0,,3.75,4.5,
967,50005973,8.2,8.0,6.5,6.75,5.67,6.4,,,
968,50005974,7.8,6.5,6.25,4.5,8.5,5.8,,,
969,50005975,8.0,6.75,6.75,3.75,8.0,5.6,,,
970,50005976,3.8,,,,5.75,,3.5,4.5,
971,50005977,6.6,,,,6.5,4.2,8.5,7.25,9.25
972,50005978,5.0,,,,6.0,2.6,6.25,6.5,9.0
973,50005979,6.4,5.5,7.0,5.5,7.25,4.4,,,
974,50005980,6.6,,,,8.0,6.6,8.75,8.25,9.75
975,50005981,6.0,,,,6.75,2.6,6.0,7.0,8.25
976,50005982,6.4,,,,8.0,3.8,5.0,7.75,8.75
977,50005983,8.0,6.0,7.0,7.0,8.0,5.0,,,
978,50005984,4.4,,,,3.75,,5.25,5.25,
979,50005985,7.8,7.25,7.5,4.5,7.5,7.0,,,
980,50005986,8.0,7.25,6.0,4.25,8.0,6.6,,,
981,50005987,7.8,6.75,6.0,4.0,7.5,6.4,,,
982,50005988,2.2,,,,4.0,,4.0,4.25,
983,50005989,8.4,,,,7.25,5.4,8.5,8.25,8.25
984,50005990,6.8,,,,5.5,,7.0,7.0,
985,50005991,6.4,6.0,4.5,5.0,6.5,5.4,,,
986,50005992,7.4,7.0,7.25,5.25,8.0,5.0,,,
987,50005993,8.2,7.25,5.5,5.75,8.0,4.0,,,
988,50005994,6.4,,,,7.75,5.2,8.0,5.75,8.5
989,50005995,8.0,7.5,7.5,4.75,7.5,6.2,,,
990,50005996,7.2,7.25,4.5,5.0,7.25,4.6,,,
991,50005997,7.4,5.25,6.5,5.25,7.5,6.0,,,
992,50005998,6.6,,,,6.5,3.6,8.0,6.5,8.5
993,50005999,6.2,,,,6.25,3.8,7.25,7.5,8.75
994,50006000,4.8,,,,6.5,3.4,5.25,6.25,7.75
